[
  {
    "id": "001",
    "name": "Test prod 1",
    "photo": "1.jpg",
    "price": {
      "amount": 1000,
      "currency": "EUR"
    },
    "rating": 3.5,
    "promo": true
  },
  {
    "id": "002",
    "name": "Test prod 2",
    "photo": "2.jpg",
    "price": {
      "amount": 2000,
      "currency": "EUR"
    },
    "rating": 4.5,
    "promo": true
  },
  {
    "name": "bbsgfr",
    "photo": "",
    "price": {
      "currency": "EUR",
      "amount": "23"
    },
    "rating": "4"
  },
  {
    "name": "bbsgfr",
    "photo": "",
    "price": {
      "currency": "EUR",
      "amount": "23"
    },
    "rating": "4"
  },
  {
    "name": "bbsgfr",
    "photo": "",
    "price": {
      "currency": "EUR",
      "amount": "23"
    },
    "rating": "4"
  },
  {
    "name": "bbsgfr",
    "photo": "",
    "price": {
      "currency": "EUR",
      "amount": "23"
    },
    "rating": "4"
  },
  {
    "name": "bbsgfr",
    "photo": "",
    "price": {
      "currency": "EUR",
      "amount": "23"
    },
    "rating": "4"
  },
  {
    "name": "bbsgfr",
    "photo": "",
    "price": {
      "currency": "EUR",
      "amount": "23"
    },
    "rating": "4"
  },
  {
    "name": "bbsgfr",
    "photo": "",
    "price": {
      "currency": "EUR",
      "amount": "23"
    },
    "rating": "4"
  },
  {
    "name": "btw",
    "photo": "",
    "price": {
      "currency": "USD",
      "amount": ""
    },
    "rating": "2"
  },
  {
    "name": "b",
    "photo": "",
    "price": {
      "currency": "USD",
      "amount": ""
    },
    "rating": "2"
  },
  {
    "name": "b",
    "photo": "",
    "price": {
      "currency": "USD",
      "amount": ""
    },
    "rating": "2"
  },
  {
    "name": "b",
    "photo": "",
    "price": {
      "currency": "USD",
      "amount": ""
    },
    "rating": "2"
  },
  {
    "name": "",
    "photo": "",
    "price": {
      "currency": "USD",
      "amount": ""
    },
    "rating": ""
  }
]